NBST Type,NBF Class,NBST Count,NBF Count,True Pos,False Pos,False Neg,Precision,Recall,F1
curved,Curved_DNA,1,46,0,46,1,0.0,0.0,0.0
GQ,G-Quadruplex,22,158,11,147,11,0.0696202531645569,0.5,0.1222222222222222
Z,Z-DNA,6,3,1,2,5,0.3333333333333333,0.1666666666666666,0.2222222222222222
STR,Slipped_DNA,50,10,9,1,41,0.9,0.18,0.3
DR,Slipped_DNA,8,10,5,5,3,0.5,0.625,0.5555555555555556
MR,Cruciform,9,20,1,19,8,0.05,0.1111111111111111,0.0689655172413793
